<?xml version="1.0" encoding="UTF-8"?>
<project-private xmlns="http://www.netbeans.org/ns/project-private/1">
    <editor-bookmarks xmlns="http://www.netbeans.org/ns/editor-bookmarks/2" lastBookmarkId="0"/>
    <open-files xmlns="http://www.netbeans.org/ns/projectui-open-files/2">
        <group>
            <file>file:/C:/Users/Sudarshan%20Rao/Desktop/FS_PROJECT/Parking_System/src/my/Parking_System.java</file>
            <file>file:/C:/Users/Sudarshan%20Rao/Desktop/FS_PROJECT/Parking_System/src/my/link.java</file>
            <file>file:/C:/Users/Sudarshan%20Rao/Desktop/FS_PROJECT/Parking_System/src/my/Search.java</file>
            <file>file:/C:/Users/Sudarshan%20Rao/Desktop/FS_PROJECT/Parking_System/src/my/login1.java</file>
            <file>file:/C:/Users/Sudarshan%20Rao/Desktop/FS_PROJECT/Parking_System/src/my/Search1.java</file>
            <file>file:/C:/Users/Sudarshan%20Rao/Desktop/FS_PROJECT/Parking_System/src/my/Adddet.java</file>
            <file>file:/C:/Users/Sudarshan%20Rao/Desktop/FS_PROJECT/Parking_System/src/my/Selpage.java</file>
            <file>file:/C:/Users/Sudarshan%20Rao/Desktop/FS_PROJECT/Parking_System/src/my/Display_Table.java</file>
            <file>file:/C:/Users/Sudarshan%20Rao/Desktop/FS_PROJECT/Parking_System/src/my/Delete.java</file>
            <file>file:/C:/Users/Sudarshan%20Rao/Desktop/FS_PROJECT/Parking_System/src/my/Home.java</file>
            <file>file:/C:/Users/Sudarshan%20Rao/Desktop/FS_PROJECT/Parking_System/src/my/Hashing.java</file>
            <file>file:/C:/Users/Sudarshan%20Rao/Desktop/FS_PROJECT/Parking_System/src/my/Add_Entry.java</file>
        </group>
    </open-files>
</project-private>
